<?xml version="1.0" encoding="UTF-8"?><?xml-stylesheet type='text/xsl' href='_UpgradeReport_Files/UpgradeReport.xslt'?><UpgradeLog>
<Properties><Property Name="Solution" Value="Sketch">
</Property><Property Name="Solution File" Value="C:\Users\hp\Documents\Visual Studio 2008\Projects\ImagineCup070608\ImagineCup\Sketch\Sketch.sln">
</Property><Property Name="User Options File" Value="C:\Users\hp\Documents\Visual Studio 2008\Projects\ImagineCup070608\ImagineCup\Sketch\Sketch.suo">
</Property><Property Name="Date" Value="2008年4月23日">
</Property><Property Name="Time" Value="0:25">
</Property></Properties><Event ErrorLevel="0" Project="" Source="Sketch.sln" Description="File successfully backed up as C:\Users\hp\Documents\Visual Studio 2008\Projects\ImagineCup070608\ImagineCup\Sketch\Sketch.sln.old">
</Event><Event ErrorLevel="0" Project="" Source="Sketch.suo" Description="File successfully backed up as C:\Users\hp\Documents\Visual Studio 2008\Projects\ImagineCup070608\ImagineCup\Sketch\Sketch.suo.old">
</Event><Event ErrorLevel="0" Project="SketchEngine" Source="SketchEngine\SketchEngine.vcproj" Description="Web deployment to the local IIS server is no longer supported. The Web Deployment build tool has been removed from your project settings.">
</Event><Event ErrorLevel="1" Project="SketchEngine" Source="SketchEngine\SketchEngine.vcproj" Description="This application has been updated to include settings related to the User Account Control (UAC) feature of Windows Vista. By default, when run on Windows Vista with UAC enabled, this application is marked to run with the same privileges as the process that launched it. This marking also disables the application from running with virtualization. You can change UAC related settings from the Property Pages of the project.">
</Event><Event ErrorLevel="0" Project="SketchEngine" Source="SketchEngine\SketchEngine.vcproj" Description="Project file successfully backed up as 'C:\Users\hp\Documents\Visual Studio 2008\Projects\ImagineCup070608\ImagineCup\Sketch\SketchEngine\SketchEngine.vcproj.8.00.old'.">
</Event><Event ErrorLevel="0" Project="SketchEngine" Source="SketchEngine\SketchEngine.vcproj" Description="Project upgraded successfully.">
</Event><Event ErrorLevel="3" Project="SketchEngine" Source="SketchEngine\SketchEngine.vcproj" Description="Converted">
</Event><Event ErrorLevel="0" Project="ShapeContextGUIDemo" Source="ShapeContextGUIDemo\ShapeContextGUIDemo.csproj" Description="Project file successfully backed up as C:\Users\hp\Documents\Visual Studio 2008\Projects\ImagineCup070608\ImagineCup\Sketch\ShapeContextGUIDemo\ShapeContextGUIDemo.csproj.old">
</Event><Event ErrorLevel="0" Project="ShapeContextGUIDemo" Source="ShapeContextGUIDemo\ShapeContextGUIDemo.csproj" Description="Project converted successfully">
</Event><Event ErrorLevel="3" Project="ShapeContextGUIDemo" Source="ShapeContextGUIDemo\ShapeContextGUIDemo.csproj" Description="Converted">
</Event><Event ErrorLevel="0" Project="SketchLib" Source="SketchLib\SketchLib.csproj" Description="Project file successfully backed up as C:\Users\hp\Documents\Visual Studio 2008\Projects\ImagineCup070608\ImagineCup\Sketch\SketchLib\SketchLib.csproj.old">
</Event><Event ErrorLevel="0" Project="SketchLib" Source="SketchLib\SketchLib.csproj" Description="Project converted successfully">
</Event><Event ErrorLevel="3" Project="SketchLib" Source="SketchLib\SketchLib.csproj" Description="Converted">
</Event><Event ErrorLevel="0" Project="SketchConsole" Source="SketchConsole\SketchConsole.csproj" Description="Project file successfully backed up as C:\Users\hp\Documents\Visual Studio 2008\Projects\ImagineCup070608\ImagineCup\Sketch\SketchConsole\SketchConsole.csproj.old">
</Event><Event ErrorLevel="0" Project="SketchConsole" Source="SketchConsole\SketchConsole.csproj" Description="Project converted successfully">
</Event><Event ErrorLevel="3" Project="SketchConsole" Source="SketchConsole\SketchConsole.csproj" Description="Converted">
</Event><Event ErrorLevel="0" Project="SketchDatabase" Source="SketchDatabase\SketchDatabase\SketchDatabase.csproj" Description="Project file successfully backed up as C:\Users\hp\Documents\Visual Studio 2008\Projects\ImagineCup070608\ImagineCup\Sketch\SketchDatabase\SketchDatabase\SketchDatabase.csproj.old">
</Event><Event ErrorLevel="0" Project="SketchDatabase" Source="SketchDatabase\SketchDatabase\SketchDatabase.csproj" Description="Project converted successfully">
</Event><Event ErrorLevel="3" Project="SketchDatabase" Source="SketchDatabase\SketchDatabase\SketchDatabase.csproj" Description="Converted">
</Event><Event ErrorLevel="0" Project="" Source="Sketch.sln" Description="Solution converted successfully">
</Event><Event ErrorLevel="3" Project="" Source="Sketch.sln" Description="Converted">
</Event><Event ErrorLevel="0" Project="ShapeContextGUIDemo" Source="ShapeContextGUIDemo\ShapeContextGUIDemo.csproj" Description="Scan complete: Upgrade not required for project files.">
</Event><Event ErrorLevel="0" Project="SketchLib" Source="SketchLib\SketchLib.csproj" Description="Scan complete: Upgrade not required for project files.">
</Event><Event ErrorLevel="0" Project="SketchConsole" Source="SketchConsole\SketchConsole.csproj" Description="Scan complete: Upgrade not required for project files.">
</Event><Event ErrorLevel="0" Project="SketchDatabase" Source="SketchDatabase\SketchDatabase\SketchDatabase.csproj" Description="Scan complete: Upgrade not required for project files.">
</Event></UpgradeLog>