<?xml version="1.0" encoding="UTF-8"?>
<crimeminer>
	<!--The description of main menu-->
	<mainMenu>
		<menu name="Program">
			<menu name="Test">
				<menuItem name="trace" jar="" class="null" icon="image/blank.gif"></menuItem>
			</menu>
			<menu name="Empty">				
			</menu>
			<menuItem name="Exit" jar="" class="null" icon="image/blank.gif"></menuItem>
		</menu>
		<menu name="Help">
			<menuItem name="about crime miner" jar="" class="crimeminer.mining.zeng.Help" icon="image/logo.gif"></menuItem>
		</menu>
	</mainMenu>
	<!--The description of main tool bar-->
	<mainToolbar>
		<button name="open" jar="dataChooser.jar" class="null" icon="image/blank.gif"></button>
		<button name="save" jar="dataChooser.jar" class="null" icon="image/blank.gif"></button>
		<button name="run" jar="dataChooser.jar" class="null" icon="image/blank.gif"></button>
		<button name="exit" jar="dataChooser.jar" class="null" icon="image/blank.gif"></button>
		<button name="help" jar="dataChooser.jar" class="crimeminer.mining.zeng.Help" icon="image/logo.gif"></button>
		<button name="help" jar="null" class="crimeminer.gis.Main" icon="image/logo.gif"></button>
	</mainToolbar>
	<!--The description of exlporer-->
	<explorer name="explorer">
		<handler name="preproccess">
			<handler name="select attribute">
				<handlerItem name="data chooser" jar="dataChooser.jar" class="crimeminer.mining.reproccess.DataChooser">
					<menu name="Test">
						<menuItem name="Press" jar="dataChooser.jar" class="crimeminer.mining.reproccess.Test" icon="image/blank.gif"></menuItem>
					</menu>
					<mainToolbar>
						<button name="Press" jar="dataChooser.jar" class="null" icon="image/blank.gif"></button>
					</mainToolbar>
				</handlerItem>
				<handlerItem name="view data" jar="dataChooser.jar" class="crimeminer.mining.reproccess.DataViewer">
					<menu name="Action">
						<menuItem name="view data" jar="dataChooser.jar" class="crimeminer.mining.reproccess.DataViewer" icon="image/blank.gif"></menuItem>
					</menu>
					<mainToolbar>
						<button name="Press" jar="dataChooser.jar" class="null" icon="image/blank.gif"></button>
					</mainToolbar>
				</handlerItem>
			</handler>
		</handler>
		<handler name="mining">
			<handler name="classifier">
				<handlerItem name="id3" jar="id3.jar" class="crimeminer.mining.classifier.Classify">
				</handlerItem>
			</handler>
			<handler name="cluster">
				<handlerItem name="data cluster" jar="dataCluster.jar" class="crimeminer.mining.cluster.DataClusterer">
				</handlerItem>
			</handler>
			<handler name="predictor">
				<handlerItem name="trajectory predictor" jar="trajPredictor.jar" class="crimeminer.mining.trajectory.predictor.ui.TrajectoryPredictor">
				</handlerItem>
			</handler>

			<handler name="social network analysis">
				<handlerItem name="sna" jar="sna.jar" class="crimeminer.qiao.Client.MailAnalyzer">
				</handlerItem>
			</handler>

			<handler name="gis">
				<handlerItem name="gis" jar="hotspot.jar" class="crimeminer.gis.Main">
				</handlerItem>
			</handler>
		</handler>
		
	</explorer>
	
	<extension-library>extension</extension-library>
</crimeminer>